{"ID":{"count":569.0,"mean":30371831.4323374331,"std":125020585.6122236848,"min":8670.0,"25%":869218.0,"50%":906024.0,"75%":8813129.0,"max":911320502.0},"diagnostico":{"count":569.0,"mean":0.3725834798,"std":0.4839179564,"min":0.0,"25%":0.0,"50%":0.0,"75%":1.0,"max":1.0},"var_1":{"count":569.0,"mean":14.1272917399,"std":3.5240488262,"min":6.981,"25%":11.7,"50%":13.37,"75%":15.78,"max":28.11},"var_2":{"count":569.0,"mean":19.2896485062,"std":4.3010357682,"min":9.71,"25%":16.17,"50%":18.84,"75%":21.8,"max":39.28},"var_3":{"count":569.0,"mean":91.9690333919,"std":24.2989810388,"min":43.79,"25%":75.17,"50%":86.24,"75%":104.1,"max":188.5},"var_4":{"count":569.0,"mean":654.8891036907,"std":351.9141291817,"min":143.5,"25%":420.3,"50%":551.1,"75%":782.7,"max":2501.0},"var_5":{"count":569.0,"mean":0.0963602812,"std":0.0140641281,"min":0.05263,"25%":0.08637,"50%":0.09587,"75%":0.1053,"max":0.1634},"var_6":{"count":569.0,"mean":0.1043409842,"std":0.0528127579,"min":0.01938,"25%":0.06492,"50%":0.09263,"75%":0.1304,"max":0.3454},"var_7":{"count":569.0,"mean":0.0887993158,"std":0.0797198087,"min":0.0,"25%":0.02956,"50%":0.06154,"75%":0.1307,"max":0.4268},"var_8":{"count":569.0,"mean":0.0489191459,"std":0.0388028449,"min":0.0,"25%":0.02031,"50%":0.0335,"75%":0.074,"max":0.2012},"var_9":{"count":569.0,"mean":0.1811618629,"std":0.0274142813,"min":0.106,"25%":0.1619,"50%":0.1792,"75%":0.1957,"max":0.304},"var_10":{"count":569.0,"mean":0.0627976098,"std":0.0070603628,"min":0.04996,"25%":0.0577,"50%":0.06154,"75%":0.06612,"max":0.09744},"var_11":{"count":569.0,"mean":0.4051720562,"std":0.277312733,"min":0.1115,"25%":0.2324,"50%":0.3242,"75%":0.4789,"max":2.873},"var_12":{"count":569.0,"mean":1.2168534271,"std":0.5516483926,"min":0.3602,"25%":0.8339,"50%":1.108,"75%":1.474,"max":4.885},"var_13":{"count":569.0,"mean":2.8660592267,"std":2.021854554,"min":0.757,"25%":1.606,"50%":2.287,"75%":3.357,"max":21.98},"var_14":{"count":569.0,"mean":40.3370790861,"std":45.4910055161,"min":6.802,"25%":17.85,"50%":24.53,"75%":45.19,"max":542.2},"var_15":{"count":569.0,"mean":0.0070409789,"std":0.0030025179,"min":0.001713,"25%":0.005169,"50%":0.00638,"75%":0.008146,"max":0.03113},"var_16":{"count":569.0,"mean":0.0254781388,"std":0.0179081793,"min":0.002252,"25%":0.01308,"50%":0.02045,"75%":0.03245,"max":0.1354},"var_17":{"count":569.0,"mean":0.0318937163,"std":0.0301860603,"min":0.0,"25%":0.01509,"50%":0.02589,"75%":0.04205,"max":0.396},"var_18":{"count":569.0,"mean":0.0117961371,"std":0.0061702852,"min":0.0,"25%":0.007638,"50%":0.01093,"75%":0.01471,"max":0.05279},"var_19":{"count":569.0,"mean":0.0205422988,"std":0.0082663715,"min":0.007882,"25%":0.01516,"50%":0.01873,"75%":0.02348,"max":0.07895},"var_20":{"count":569.0,"mean":0.0037949039,"std":0.002646071,"min":0.0008948,"25%":0.002248,"50%":0.003187,"75%":0.004558,"max":0.02984},"var_21":{"count":569.0,"mean":16.2691898067,"std":4.8332415805,"min":7.93,"25%":13.01,"50%":14.97,"75%":18.79,"max":36.04},"var_22":{"count":569.0,"mean":25.6772231986,"std":6.146257623,"min":12.02,"25%":21.08,"50%":25.41,"75%":29.72,"max":49.54},"var_23":{"count":569.0,"mean":107.2612126538,"std":33.602542269,"min":50.41,"25%":84.11,"50%":97.66,"75%":125.4,"max":251.2},"var_24":{"count":569.0,"mean":880.5831282953,"std":569.3569926699,"min":185.2,"25%":515.3,"50%":686.5,"75%":1084.0,"max":4254.0},"var_25":{"count":569.0,"mean":0.132368594,"std":0.0228324294,"min":0.07117,"25%":0.1166,"50%":0.1313,"75%":0.146,"max":0.2226},"var_26":{"count":569.0,"mean":0.2542650439,"std":0.1573364889,"min":0.02729,"25%":0.1472,"50%":0.2119,"75%":0.3391,"max":1.058},"var_27":{"count":569.0,"mean":0.2721884833,"std":0.2086242806,"min":0.0,"25%":0.1145,"50%":0.2267,"75%":0.3829,"max":1.252},"var_28":{"count":569.0,"mean":0.1146062232,"std":0.0657323412,"min":0.0,"25%":0.06493,"50%":0.09993,"75%":0.1614,"max":0.291},"var_29":{"count":569.0,"mean":0.2900755712,"std":0.0618674675,"min":0.1565,"25%":0.2504,"50%":0.2822,"75%":0.3179,"max":0.6638},"var_30":{"count":569.0,"mean":0.0839458172,"std":0.0180612673,"min":0.05504,"25%":0.07146,"50%":0.08004,"75%":0.09208,"max":0.2075}}